{"cameraMode":{"drawMode":0,"name":"Shaded","section":"Shading Mode"},"sceneLighting":true,"audioPlay":false,"sceneViewState":{"m_AlwaysRefresh":false,"showFog":true,"showSkybox":true,"showFlares":true,"showImageEffects":true,"showParticleSystems":true,"showVisualEffectGraphs":true,"m_FxEnabled":true},"in2DMode":false,"pivot":{"x":-5.5720438957214359,"y":-0.14137974381446839,"z":-2.5137600898742677},"rotation":{"x":-0.04987494274973869,"y":-0.7013795375823975,"z":0.04933837056159973,"w":-0.7094008326530457},"size":6.7720465660095219,"orthographic":false}